Country,Region,Happiness Rank,Happiness Score,Standard Error,Economy (GDP per Capita),Family,Health (Life Expectancy),Freedom,Trust (Government Corruption),Generosity,Dystopia Residual,aged_15plus_unemployment_rate_percent,agriculture_percent_of_gdp,cell_phones_per_100_people,children_per_woman_total_fertility,corruption_perception_index_cpi,hdi_human_development_index,inflation_annual_percent,internet_users,median_age_years,military_expenditure_percent_of_gdp,murder_per_100000_people,population_density_per_square_km,urban_population_growth_annual_percent,urban_population_percent_of_total,working_hours_per_week
Switzerland,Western Europe,1,7.5870000000000015,0.03411,1.3965100000000001,1.34951,0.9414299999999999,0.66557,0.41978000000000004,0.29678000000000004,2.5173799999999997,4.8,0.6509999999999999,135.0,1.54,86.0,0.939,-0.601,87.5,42.2,0.6659999999999999,,211.0,1.17,73.7,36.5
Iceland,Western Europe,2,7.561,0.048839999999999995,1.3023200000000001,1.4022299999999999,0.94784,0.6287699999999999,0.14145,0.4363,2.70201,3.98,5.45,116.0,1.95,79.0,0.921,6.04,98.2,36.0,0.0,0.7440000000000001,3.29,1.08,93.7,40.0
Denmark,Western Europe,3,7.527,0.033280000000000004,1.32548,1.36058,0.87464,0.6493800000000001,0.48357,0.34139,2.4920400000000003,6.17,0.8029999999999999,124.0,1.79,91.0,0.925,0.701,96.3,41.6,1.12,0.5720000000000001,134.0,0.8390000000000001,87.5,34.9
Norway,Western Europe,4,7.522,0.0388,1.459,1.33095,0.88521,0.66973,0.36503,0.34699,2.4653099999999997,4.3,1.53,110.0,1.84,88.0,0.949,-2.82,96.8,39.2,1.5,0.389,14.2,1.52,81.1,34.3
Canada,North America,5,7.4270000000000005,0.03553,1.32629,1.32261,0.9056299999999999,0.63297,0.32957,0.45811,2.4517599999999997,6.91,,82.8,1.59,83.0,0.92,-0.7559999999999999,88.5,40.5,1.16,,3.95,0.883,81.3,35.6
Finland,Western Europe,6,7.4060000000000015,0.0314,1.29025,1.31826,0.8891100000000001,0.64169,0.41372,0.23351,2.61955,9.38,2.23,135.0,1.8,90.0,0.895,1.87,86.4,42.5,1.46,,18.0,0.38799999999999996,85.2,36.1
Netherlands,Western Europe,7,7.377999999999999,0.027989999999999998,1.32944,1.28017,0.89284,0.6157600000000001,0.31814000000000003,0.4761,2.4657,6.87,1.62,123.0,1.75,84.0,0.924,0.805,91.7,42.1,1.14,0.603,502.0,0.98,90.2,32.1
Sweden,Western Europe,8,7.364,0.03157,1.33171,1.2890700000000002,0.9108700000000001,0.6598,0.43843999999999994,0.36262,2.3711900000000004,7.43,1.2,129.0,1.91,89.0,0.913,2.07,90.6,40.9,1.08,1.08,23.8,1.41,86.6,35.8
New Zealand,Australia and New Zealand,9,7.2860000000000005,0.033710000000000004,1.2501799999999998,1.3196700000000001,0.9083700000000001,0.6393800000000001,0.42922,0.47501000000000004,2.26425,5.37,5.49,121.0,2.01,91.0,0.915,0.682,88.2,37.3,1.11,,17.5,1.96,86.3,33.0
Australia,Australia and New Zealand,10,7.284,0.04083,1.33358,1.30923,0.93156,0.6512399999999999,0.35636999999999996,0.43562,2.26646,6.06,2.37,108.0,1.86,79.0,0.939,-0.728,84.6,37.4,1.96,1.11,3.1,1.58,85.7,33.6
Israel,Middle East and Northern Africa,11,7.278,0.0347,1.2285700000000002,1.22393,0.9138700000000001,0.41318999999999995,0.07785,0.33171999999999996,3.08854,5.25,1.17,131.0,3.0,61.0,0.899,2.24,77.4,30.2,5.67,1.7,373.0,2.06,92.2,36.0
Costa Rica,Latin America and Caribbean,12,7.226,0.044539999999999996,0.95578,1.2378799999999999,0.8602700000000001,0.63376,0.10583,0.25497,3.17728,9.0,4.96,157.0,1.8,55.0,0.7759999999999999,3.78,59.8,31.4,0.0,,94.2,2.26,76.9,43.0
Austria,Western Europe,13,7.2,0.03751,1.33723,1.29704,0.8904200000000001,0.62433,0.18675999999999998,0.33088,2.5332,5.72,1.11,155.0,1.49,76.0,0.893,2.31,83.9,43.2,0.7070000000000001,0.508,105.0,1.45,57.7,35.6
Mexico,Latin America and Caribbean,14,7.187,0.041760000000000005,1.02054,0.91451,0.8144399999999999,0.48181,0.21311999999999998,0.14074,3.6021400000000003,4.31,3.2,85.5,2.22,31.0,0.762,2.74,57.4,27.5,0.672,,64.8,1.7,79.3,44.8
United States,North America,15,7.119,0.03839,1.3945100000000001,1.24711,0.86179,0.54604,0.1589,0.40105,2.51011,5.28,1.07,119.0,1.93,76.0,0.92,1.08,74.6,37.6,3.29,,35.0,0.986,81.7,36.6
Brazil,Latin America and Caribbean,16,6.983,0.040760000000000005,0.98124,1.2328700000000001,0.69702,0.49049,0.17521,0.14574,3.26001,8.44,4.32,125.0,1.74,38.0,0.754,7.57,58.3,31.3,1.36,,24.6,1.18,85.8,38.9
Luxembourg,Western Europe,17,6.9460000000000015,0.03499,1.5639100000000001,1.21963,0.91894,0.61583,0.37798000000000004,0.28034000000000003,1.9696099999999999,6.67,0.23,142.0,1.56,85.0,0.898,1.32,96.4,39.3,0.478,0.711,219.0,2.69,90.2,38.2
Ireland,Western Europe,18,6.94,0.03676,1.33596,1.36948,0.89533,0.6177699999999999,0.28703,0.45901000000000003,1.9757,9.9,0.893,104.0,1.99,75.0,0.923,7.28,83.5,36.9,0.35100000000000003,,68.2,1.26,62.5,35.4
Belgium,Western Europe,19,6.937,0.03595,1.30782,1.28566,0.8966700000000001,0.5845,0.2254,0.2225,2.4148400000000003,8.48,0.6829999999999999,113.0,1.79,77.0,0.8959999999999999,1.11,85.1,41.3,0.924,0.978,373.0,0.623,97.9,37.3
United Arab Emirates,Middle East and Northern Africa,20,6.901,0.03729,1.42727,1.12575,0.80925,0.64157,0.38583,0.26428,2.24743,,0.741,196.0,1.77,70.0,0.84,-15.4,90.5,33.4,,,110.0,1.27,85.7,
United Kingdom,Western Europe,21,6.867000000000001,0.01866,1.26637,1.28548,0.90943,0.59625,0.32066999999999996,0.51912,1.9699400000000002,5.3,0.593,121.0,1.88,81.0,0.91,0.456,92.0,40.2,1.88,0.192,270.0,1.11,82.6,35.9
Oman,Middle East and Northern Africa,22,6.853,0.05335,1.36011,1.08182,0.76276,0.63274,0.32524000000000003,0.21541999999999997,2.4748900000000003,,1.64,158.0,2.74,45.0,0.7959999999999999,-18.9,73.5,29.0,14.4,,13.6,7.35,81.3,
Venezuela,Latin America and Caribbean,23,6.81,0.06476,1.04424,1.25596,0.7205199999999999,0.42908,0.11069000000000001,0.058410000000000004,3.1913099999999996,,,93.4,2.34,17.0,0.767,,61.9,27.4,0.941,,35.3,1.36,88.2,
Singapore,Southeastern Asia,24,6.797999999999999,0.0378,1.52186,1.02,1.02525,0.54252,0.4921,0.31105,1.8850099999999999,3.79,0.0311,149.0,1.24,85.0,0.925,3.59,79.0,40.0,3.16,0.361,7910.0,1.19,100.0,44.2
Panama,Latin America and Caribbean,25,6.7860000000000005,0.0491,1.0635299999999999,1.1985,0.79661,0.5421,0.0927,0.24434,2.84848,3.0,2.72,145.0,2.54,39.0,0.7879999999999999,3.06,51.2,28.4,0.0,,53.4,2.15,66.7,39.1
Germany,Western Europe,26,6.75,0.01848,1.32792,1.2993700000000001,0.89186,0.6147699999999999,0.21843,0.28214,2.1156900000000003,4.62,0.555,118.0,1.45,81.0,0.926,2.01,87.6,45.9,1.18,0.506,234.0,0.879,77.2,35.5
Chile,Latin America and Caribbean,27,6.67,0.057999999999999996,1.10715,1.12447,0.85857,0.44132,0.12869,0.33363000000000004,2.67585,6.51,3.76,131.0,1.79,70.0,0.847,4.97,76.6,33.7,1.91,,23.9,0.907,87.4,41.0
Qatar,Middle East and Northern Africa,28,6.6110000000000015,0.06257,1.69042,1.0786,0.79733,0.6404,0.52208,0.32573,1.55674,0.16,0.16,151.0,1.93,71.0,0.856,-22.9,92.9,31.3,,,214.0,4.49,98.9,50.0
France,Western Europe,29,6.575,0.03512,1.27778,1.2603799999999998,0.9457899999999999,0.55011,0.20646,0.12332,2.21126,10.4,1.61,103.0,1.98,70.0,0.897,1.18,78.0,41.2,2.27,,118.0,0.745,79.7,36.1
Argentina,Latin America and Caribbean,30,6.574,0.04612,1.05351,1.24823,0.78723,0.44974,0.08484,0.11450999999999999,2.8360000000000003,,5.16,142.0,2.31,32.0,0.8270000000000001,26.6,68.0,30.8,0.865,,15.9,1.15,91.5,
Czech Republic,Central and Eastern Europe,31,6.505,0.04168,1.17898,1.20643,0.84483,0.46363999999999994,0.02652,0.10686,2.67782,5.05,2.23,117.0,1.52,56.0,0.878,1.17,75.7,41.4,0.953,0.66,137.0,0.32299999999999995,73.5,39.2
Uruguay,Latin America and Caribbean,32,6.485,0.04539,1.06166,1.2089,0.8116,0.6036199999999999,0.24558000000000002,0.2324,2.3214200000000003,7.49,6.13,151.0,2.01,74.0,0.795,9.02,64.6,34.9,1.82,,19.6,0.456,95.0,
Colombia,Latin America and Caribbean,33,6.477,0.05051,0.91861,1.2401799999999998,0.69077,0.53466,0.0512,0.18400999999999998,2.85737,8.3,6.04,119.0,1.87,37.0,0.727,2.45,55.9,30.1,3.12,,43.5,1.35,79.8,43.6
Thailand,Southeastern Asia,34,6.455,0.03557,0.9669,1.26504,0.7385,0.5566399999999999,0.031869999999999996,0.5763,2.31945,0.597,8.99,150.0,1.5,38.0,0.74,0.8590000000000001,39.3,37.8,1.45,3.15,134.0,1.94,47.7,43.3
Saudi Arabia,Middle East and Northern Africa,35,6.4110000000000005,0.04633,1.39541,1.0839299999999998,0.72025,0.31048000000000003,0.32524000000000003,0.13706,2.43872,5.59,2.62,167.0,2.58,52.0,0.847,-16.9,69.6,29.8,13.5,,14.7,2.77,83.2,44.1
Spain,Western Europe,36,6.329,0.03468,1.23011,1.31379,0.95562,0.45951000000000003,0.06398,0.18227000000000002,2.12367,22.1,2.52,110.0,1.35,58.0,0.884,0.611,78.7,43.2,1.27,0.557,93.0,0.21899999999999997,79.6,37.3
Malta,Western Europe,37,6.3020000000000005,0.04206,1.2074,1.30203,0.88721,0.60365,0.13585999999999998,0.51752,1.6488,5.39,1.1,123.0,1.44,60.0,0.856,2.72,76.0,40.9,0.504,0.606,1340.0,2.46,94.4,37.5
Taiwan,Eastern Asia,38,6.297999999999999,0.03868,1.29098,1.07617,0.8753,0.3974,0.08129,0.25376,2.32323,,,,,,,,,,,,,,,
Kuwait,Middle East and Northern Africa,39,6.295,0.04456,1.5542200000000002,1.16594,0.72492,0.55499,0.25609,0.16228,1.8763400000000001,2.2,0.5379999999999999,149.0,1.99,49.0,0.8,-26.0,77.5,33.4,5.03,,221.0,3.97,100.0,
Suriname,Latin America and Caribbean,40,6.269,0.09811,0.99534,0.972,0.6082,0.5965699999999999,0.13633,0.16990999999999998,2.79094,7.22,9.21,136.0,2.4,36.0,0.725,-2.1,42.8,28.4,,,3.55,0.909,66.1,
Trinidad and Tobago,Latin America and Caribbean,41,6.1679999999999975,0.10895,1.21183,1.18354,0.61483,0.55884,0.0114,0.31844,2.2688200000000003,2.21,0.447,156.0,1.77,39.0,0.78,-12.1,69.2,33.9,0.78,,265.0,0.23600000000000002,53.3,
El Salvador,Latin America and Caribbean,42,6.13,0.056179999999999994,0.76454,1.0250700000000001,0.67737,0.4035,0.11775999999999999,0.10692,3.035,,5.81,148.0,2.1,39.0,0.68,0.187,26.8,25.8,0.952,,305.0,1.69,69.7,42.3
Guatemala,Latin America and Caribbean,43,6.1229999999999976,0.052239999999999995,0.74553,1.04356,0.64425,0.57733,0.09472,0.27489,2.74255,2.51,10.5,111.0,3.03,28.0,0.64,3.23,28.8,21.3,0.396,,152.0,2.72,50.0,42.0
Uzbekistan,Central and Eastern Europe,44,6.002999999999999,0.04361,0.63244,1.34043,0.59772,0.6582100000000001,0.30826,0.22837,2.2374099999999997,5.15,16.6,70.3,2.31,19.0,0.701,9.07,42.8,26.3,,,72.8,1.55,50.8,
Slovakia,Central and Eastern Europe,45,5.995,0.04267,1.1689100000000001,1.26999,0.7890199999999999,0.31751,0.03431,0.16893,2.2463900000000003,,,,,,,,,,,,,,,
Japan,Eastern Asia,46,5.987,0.03581,1.27074,1.25712,0.99111,0.49615,0.1806,0.10705,1.68435,3.4,1.11,125.0,1.44,75.0,0.903,2.14,91.1,46.3,0.961,0.20800000000000002,351.0,-0.0218,91.4,39.0
South Korea,Eastern Asia,47,5.984,0.04098,1.24461,0.9577399999999999,0.9653799999999999,0.33208000000000004,0.07857,0.18557,2.21978,3.6,2.09,116.0,1.28,54.0,0.901,2.39,89.9,40.8,2.64,0.87,520.0,0.43799999999999994,81.6,43.6
Ecuador,Latin America and Caribbean,48,5.975,0.04528,0.8640200000000001,0.99903,0.79075,0.48573999999999995,0.1809,0.11540999999999994,2.5394200000000002,3.62,9.45,80.2,2.51,32.0,0.7390000000000001,-2.49,48.9,26.6,2.58,,65.0,1.72,63.4,39.0
Bahrain,Middle East and Northern Africa,49,5.96,0.05412,1.32376,1.21624,0.74716,0.45492,0.306,0.17362,1.73797,,0.315,184.0,2.05,51.0,0.8240000000000001,-9.37,93.5,31.2,4.63,,1810.0,2.71,89.0,
Italy,Western Europe,50,5.9479999999999995,0.03914,1.25114,1.19777,0.9544600000000001,0.26236,0.02901,0.22823000000000002,2.0251799999999998,11.9,2.02,147.0,1.46,44.0,0.887,0.938,58.1,45.9,1.38,0.564,202.0,0.326,69.6,36.4
Bolivia,Latin America and Caribbean,51,5.89,0.05642000000000001,0.68133,0.97841,0.5392,0.57414,0.08800000000000001,0.20536,2.82334,,10.2,94.8,2.92,34.0,0.674,-4.62,35.6,24.1,1.74,,9.9,2.03,68.4,
Moldova,Central and Eastern Europe,52,5.888999999999999,0.037989999999999996,0.59448,1.01528,0.61826,0.32818,0.01615,0.20951,3.10712,3.69,12.2,91.3,1.25,33.0,0.6990000000000001,9.82,69.0,35.6,0.354,4.02,124.0,-0.0785,42.5,38.3
Paraguay,Latin America and Caribbean,53,5.877999999999999,0.045630000000000004,0.75985,1.30477,0.66098,0.53899,0.08242000000000001,0.3424,2.18896,4.56,17.4,112.0,2.51,27.0,0.693,0.0873,49.7,24.9,1.42,,16.7,1.77,60.8,42.7
Kazakhstan,Central and Eastern Europe,54,5.855,0.041139999999999996,1.1225399999999999,1.1224100000000001,0.64368,0.51649,0.08454,0.11827,2.24729,4.93,4.71,148.0,2.66,28.0,0.794,1.82,70.8,29.3,1.14,5.89,6.57,1.59,57.2,38.0
Slovenia,Central and Eastern Europe,55,5.848,0.04251,1.18498,1.27385,0.8733700000000001,0.60855,0.03787,0.25328,1.6158299999999999,8.96,2.03,113.0,1.61,60.0,0.89,0.9670000000000001,73.1,43.0,0.93,0.56,103.0,0.493,53.8,39.1
Lithuania,Central and Eastern Europe,56,5.8329999999999975,0.03843,1.14723,1.25745,0.73128,0.21341999999999997,0.01031,0.026410000000000003,2.4464900000000003,9.12,3.44,143.0,1.64,59.0,0.848,0.306,71.4,42.7,1.14,3.66,46.8,-0.759,67.2,38.8
Nicaragua,Latin America and Caribbean,57,5.827999999999999,0.05371,0.59325,1.14184,0.7431399999999999,0.55475,0.19317,0.27815,2.32407,,16.0,119.0,2.23,27.0,0.645,6.38,19.7,25.2,0.7759999999999999,,50.5,1.46,57.9,
Peru,Latin America and Caribbean,58,5.824,0.04615,0.9001899999999999,0.97459,0.73017,0.4149600000000001,0.05989,0.14982,2.5945,3.0,7.04,109.0,2.43,36.0,0.74,2.61,40.9,27.5,1.73,,24.5,1.53,77.4,39.0
Belarus,Central and Eastern Europe,59,5.813,0.03938,1.0319200000000002,1.23289,0.7360800000000001,0.37938,0.1909,0.11045999999999999,2.1309,,6.28,121.0,1.69,32.0,0.7959999999999999,16.0,67.3,39.6,1.33,,46.7,0.794,77.2,36.5
Poland,Central and Eastern Europe,60,5.791,0.04263,1.12555,1.27948,0.77903,0.53122,0.04212,0.16759000000000002,1.86565,7.5,2.2,143.0,1.31,63.0,0.855,0.7559999999999999,68.0,39.7,2.14,0.588,125.0,-0.27399999999999997,60.3,40.4
Malaysia,Southeastern Asia,61,5.77,0.0433,1.12486,1.07023,0.7239399999999999,0.5302399999999999,0.10500999999999999,0.33075,1.8854099999999998,3.1,8.46,144.0,2.06,50.0,0.789,-0.374,71.1,27.7,1.53,,93.5,2.49,74.2,45.4
Croatia,Central and Eastern Europe,62,5.7589999999999995,0.04394,1.08254,0.79624,0.78805,0.25883,0.0243,0.054439999999999995,2.75414,16.2,3.52,104.0,1.47,51.0,0.8270000000000001,-0.0198,69.8,42.6,1.54,0.6459999999999999,75.7,-0.41,56.2,38.4
Libya,Middle East and Northern Africa,63,5.754,0.07832,1.13145,1.1186200000000002,0.7038,0.41668,0.11023,0.18295,2.0906599999999997,,,156.0,2.31,16.0,0.716,-15.3,19.0,27.2,,,3.54,0.826,79.3,
Russia,Central and Eastern Europe,64,5.716,0.03135,1.13764,1.23617,0.6692600000000001,0.36679,0.03005,0.00199,2.27394,5.57,4.13,158.0,1.74,29.0,0.804,8.35,70.1,38.7,4.85,,8.79,0.32799999999999996,74.0,39.3
Jamaica,Latin America and Caribbean,65,5.709,0.13693,0.81038,1.1510200000000002,0.6874100000000001,0.50442,0.02299,0.2123,2.32038,13.5,6.3,109.0,2.03,41.0,0.73,6.62,42.2,29.4,0.868,,265.0,0.799,54.8,
North Cyprus,Western Europe,66,5.695,0.05635,1.2080600000000001,1.07008,0.92356,0.49027,0.1428,0.26169000000000003,1.5988799999999999,,,,,,,,,,,,,,,
Cyprus,Western Europe,67,5.689,0.0558,1.20813,0.89318,0.92356,0.40671999999999997,0.06146,0.30638000000000004,1.8893099999999998,14.9,1.85,132.0,1.35,61.0,0.856,-1.18,71.7,34.9,1.68,1.42,126.0,0.623,66.9,37.9
Algeria,Middle East and Northern Africa,68,5.605,0.05099,0.93929,1.07772,0.61766,0.28579,0.17382999999999998,0.07822,2.43209,11.2,11.6,108.0,2.84,36.0,0.745,-6.57,38.2,27.5,6.27,,16.7,2.81,70.8,
Kosovo,Central and Eastern Europe,69,5.5889999999999995,0.05018,0.80148,0.81198,0.63132,0.24749000000000002,0.04741,0.2831,2.76579,,,,,,,,,,,,,,,
Turkmenistan,Central and Eastern Europe,70,5.547999999999999,0.04175,0.95847,1.22668,0.53886,0.4761,0.30844,0.16979,1.8698400000000002,,9.3,141.0,2.93,18.0,0.6920000000000001,-5.15,15.0,25.6,,,11.8,2.59,50.3,
Mauritius,Sub-Saharan Africa,71,5.477,0.07197,1.0076100000000001,0.98521,0.7095,0.56066,0.07521,0.37744,1.76145,7.41,3.15,140.0,1.44,53.0,0.7809999999999999,1.04,50.1,35.6,0.183,2.26,620.0,-0.138,41.0,38.3
Hong Kong,Eastern Asia,72,5.474,0.05051,1.38604,1.05818,1.01328,0.59608,0.37124,0.39478,0.6542899999999999,,,,,,,,,,,,,,,
Estonia,Central and Eastern Europe,73,5.428999999999999,0.04013,1.15174,1.22791,0.77361,0.44888,0.15184,0.0868,1.58782,6.19,2.71,145.0,1.62,70.0,0.865,1.25,88.4,41.6,2.05,2.74,31.0,0.281,68.4,38.1
Indonesia,Southeastern Asia,74,5.399,0.025960000000000004,0.8282700000000001,1.0870799999999998,0.63793,0.46611,0.0,0.51535,1.86399,4.51,13.5,131.0,2.39,36.0,0.6890000000000001,3.98,22.0,28.0,0.8859999999999999,,143.0,2.46,53.3,40.0
Vietnam,Southeastern Asia,75,5.36,0.03107,0.63216,0.9122600000000001,0.7467600000000001,0.59444,0.10440999999999999,0.1686,2.20173,1.86,17.0,129.0,1.96,31.0,0.6829999999999999,-0.191,43.5,30.4,2.36,,302.0,3.18,33.8,40.9
Turkey,Middle East and Northern Africa,76,5.332000000000002,0.03864,1.06098,0.94632,0.73172,0.22815,0.15746,0.12253,2.08528,10.2,6.9,94.1,2.07,42.0,0.767,7.83,53.7,29.9,1.85,1.35,102.0,2.33,73.6,46.7
Kyrgyzstan,Central and Eastern Europe,77,5.2860000000000005,0.03823,0.47428000000000003,1.15115,0.65088,0.43477,0.042319999999999997,0.3003,2.2327,,,,,,,,,,,,,,,
Nigeria,Sub-Saharan Africa,78,5.268,0.04192,0.65435,0.9043200000000001,0.16007000000000002,0.34334000000000003,0.0403,0.27233,2.89319,4.31,20.6,83.2,5.59,26.0,0.527,2.86,24.5,17.9,0.418,,199.0,4.45,47.8,
Bhutan,Southern Asia,79,5.252999999999999,0.03225,0.77042,1.10395,0.57407,0.5320600000000001,0.15445,0.47998,1.63794,2.45,16.7,85.8,2.09,65.0,0.607,3.65,39.8,26.3,,,20.7,3.38,38.7,
Azerbaijan,Central and Eastern Europe,80,5.2120000000000015,0.03363,1.02389,0.9379299999999999,0.64045,0.3703,0.16065,0.07799,2.00073,4.96,6.2,111.0,2.09,29.0,0.759,-8.86,77.0,30.3,5.47,,116.0,1.73,54.7,36.8
Pakistan,Southern Asia,81,5.194,0.03726,0.59543,0.41411000000000003,0.51466,0.12102,0.10464000000000001,0.33671,3.1070900000000004,3.57,23.8,66.5,3.55,30.0,0.55,4.11,14.0,22.5,3.41,,246.0,2.62,36.0,47.0
Jordan,Middle East and Northern Africa,82,5.192,0.045239999999999995,0.9019799999999999,1.05392,0.69639,0.40660999999999997,0.14293,0.11052999999999999,1.8799599999999999,13.1,3.68,151.0,3.45,53.0,0.742,2.27,60.1,22.1,4.3,,103.0,4.18,90.3,
Montenegro,Central and Eastern Europe,82,5.192,0.05235,0.9743799999999999,0.9055700000000001,0.72521,0.1826,0.14296,0.1614,2.10017,17.5,8.06,160.0,1.68,44.0,0.807,2.22,68.1,37.7,1.42,,46.7,0.5670000000000001,65.8,43.1
China,Eastern Asia,84,5.14,0.02424,0.89012,0.94675,0.81658,0.5169699999999999,0.02781,0.08185,1.8604,,8.83,92.5,1.62,37.0,0.738,0.0933,50.3,37.0,1.93,,149.0,2.77,55.5,
Zambia,Sub-Saharan Africa,85,5.129,0.06988,0.47038,0.91612,0.29924,0.48827,0.12468,0.19591,2.6343,,4.98,71.8,5.04,38.0,0.579,6.66,21.0,17.1,1.79,,21.7,4.28,41.9,
Romania,Central and Eastern Europe,86,5.124,0.06607,1.04345,0.8858799999999999,0.7689,0.35068,0.006490000000000001,0.13748,1.9312900000000002,6.81,4.19,116.0,1.51,46.0,0.802,2.59,55.8,41.3,1.45,1.15,86.4,-0.495,53.9,38.7
Serbia,Central and Eastern Europe,87,5.122999999999998,0.048639999999999996,0.92053,1.0096399999999999,0.74836,0.20107,0.02617,0.19230999999999998,2.025,17.9,6.77,130.0,1.6,40.0,0.7759999999999999,2.68,65.3,40.0,1.95,1.17,101.0,-0.292,55.7,41.9
Portugal,Western Europe,88,5.102,0.04802,1.15991,1.13935,0.8751899999999999,0.51469,0.01078,0.13719,1.26462,12.4,2.05,112.0,1.25,64.0,0.843,2.03,68.6,43.9,1.79,,114.0,0.5,63.5,38.8
Latvia,Central and Eastern Europe,89,5.098,0.0464,1.11312,1.09562,0.72437,0.29671,0.06332,0.18225999999999998,1.62215,9.87,3.64,130.0,1.53,56.0,0.83,0.00123,79.2,42.5,1.05,4.26,32.0,-0.777,68.0,39.2
Philippines,Southeastern Asia,90,5.073,0.049339999999999995,0.70532,1.03516,0.58114,0.62545,0.12279000000000001,0.24991,1.7536,,10.3,116.0,2.96,35.0,0.682,-0.5870000000000001,53.7,24.1,1.14,,341.0,2.01,46.3,
Somaliland region,Sub-Saharan Africa,91,5.0569999999999995,0.06161000000000001,0.18847,0.95152,0.43873,0.46581999999999996,0.39928,0.5031800000000001,2.11032,,,,,,,,,,,,,,,
Morocco,Middle East and Northern Africa,92,5.013,0.0342,0.7347899999999999,0.64095,0.60954,0.4169100000000001,0.08546000000000001,0.07172,2.4537299999999997,9.46,12.8,124.0,2.53,36.0,0.647,1.71,57.1,27.9,3.23,,78.0,2.32,60.8,
Macedonia,Central and Eastern Europe,93,5.007,0.05376,0.91851,1.00232,0.73545,0.33457,0.053270000000000005,0.22359,1.7393299999999998,,,,,,,,,,,,,,,
Mozambique,Sub-Saharan Africa,94,4.971,0.07896,0.08308,1.02626,0.09131,0.34037,0.15603,0.22269,3.05137,3.43,22.9,71.9,5.31,31.0,0.418,4.38,16.9,17.2,0.993,,35.6,4.42,34.4,36.4
Albania,Central and Eastern Europe,95,4.959,0.05013,0.8786700000000001,0.8043399999999999,0.81325,0.35733000000000004,0.06412999999999999,0.14272,1.89894,17.1,19.8,116.0,1.71,36.0,0.764,0.564,63.3,36.2,1.17,,107.0,1.48,57.4,38.8
Bosnia and Herzegovina,Central and Eastern Europe,96,4.949,0.06913,0.8322299999999999,0.9191600000000001,0.79081,0.09245,0.00227,0.24808000000000002,2.06367,27.6,6.24,97.4,1.35,38.0,0.75,1.37,52.6,41.0,0.972,,69.3,-0.138,47.2,40.7
Lesotho,Sub-Saharan Africa,97,4.898,0.09437999999999999,0.37545,1.04103,0.07612000000000001,0.31767,0.12504,0.16388,2.79832,,4.97,98.4,3.14,44.0,0.4970000000000001,9.91,25.0,21.3,1.89,,71.6,2.86,26.9,
Dominican Republic,Latin America and Caribbean,98,4.885,0.07446,0.8953700000000001,1.17202,0.66825,0.57672,0.14234000000000002,0.21684,1.21305,7.61,5.6,83.6,2.45,33.0,0.722,0.6409999999999999,54.2,26.1,0.6729999999999999,,218.0,2.32,78.6,41.1
Laos,Southeastern Asia,99,4.876,0.06698,0.5906600000000001,0.73803,0.54909,0.59591,0.24249,0.42191999999999996,1.7379900000000001,,,,,,,,,,,,,,,
Mongolia,Eastern Asia,100,4.874,0.03313,0.82819,1.3006,0.60268,0.43626000000000004,0.026660000000000003,0.3323,1.34759,4.86,13.4,103.0,2.79,39.0,0.735,1.73,22.5,27.1,0.866,,1.92,1.89,68.2,48.0
Swaziland,Sub-Saharan Africa,101,4.867,0.08742,0.71206,1.07284,0.07566,0.30658,0.0306,0.18259,2.48676,,9.59,71.3,3.14,,0.541,7.55,25.6,20.4,1.69,,76.7,2.48,23.3,
Greece,Western Europe,102,4.857,0.05062,1.15406,0.9293299999999999,0.88213,0.07699,0.013969999999999998,0.0,1.8010099999999998,24.9,3.75,112.0,1.31,46.0,0.866,-1.02,66.8,43.3,2.47,0.752,87.0,-0.217,78.0,40.9
Lebanon,Middle East and Northern Africa,103,4.8389999999999995,0.04337,1.0256399999999999,0.80001,0.83947,0.33916,0.04582,0.21854,1.57059,,3.45,79.6,1.72,28.0,0.763,2.56,74.0,28.5,4.41,,572.0,4.51,88.1,
Hungary,Central and Eastern Europe,104,4.8,0.06107000000000001,1.12094,1.20215,0.75905,0.32111999999999996,0.02758,0.128,1.24074,6.81,3.71,120.0,1.36,51.0,0.836,1.88,72.8,41.7,0.938,1.02,108.0,0.15,70.5,38.5
Honduras,Latin America and Caribbean,105,4.788,0.056479999999999995,0.59532,0.9534799999999999,0.6951,0.40148,0.06825,0.23026999999999997,1.84408,4.59,12.2,89.8,2.51,31.0,0.625,6.93,27.6,23.0,1.55,,80.1,2.89,55.2,39.2
Tajikistan,Central and Eastern Europe,106,4.7860000000000005,0.03198,0.39047,0.8556299999999999,0.5737899999999999,0.47216,0.15072,0.22974,2.1139900000000003,,21.9,99.3,3.4,26.0,0.627,0.124,19.0,22.4,1.22,,61.1,2.52,26.7,
Tunisia,Middle East and Northern Africa,107,4.739,0.03589,0.88113,0.60429,0.73793,0.26268,0.06358,0.06431,2.12466,15.2,10.2,129.0,2.22,38.0,0.725,3.59,46.5,31.1,2.27,,72.6,1.58,68.1,
Palestinian Territories,Middle East and Northern Africa,108,4.715,0.04394,0.59867,0.92558,0.66015,0.24499,0.12905,0.11250999999999999,2.0438400000000003,,,,,,,,,,,,,,,
Bangladesh,Southern Asia,109,4.694,0.03077,0.39753,0.4310600000000001,0.60164,0.4082,0.12569,0.21222,2.51767,,14.8,81.5,2.13,25.0,0.579,5.87,14.4,25.6,1.35,,1240.0,3.4,34.3,
Iran,Middle East and Northern Africa,110,4.686,0.044489999999999995,1.0088,0.54447,0.69805,0.30033000000000004,0.058629999999999995,0.38086,1.6944,11.1,10.5,93.5,1.69,27.0,0.774,0.429,45.3,29.5,2.63,,48.7,1.93,73.4,
Ukraine,Central and Eastern Europe,111,4.681,0.04412,0.79907,1.20278,0.6739,0.25123,0.02961,0.15275,1.5714,9.14,12.1,144.0,1.53,27.0,0.743,38.9,48.9,40.3,3.97,,77.1,-0.126,69.1,39.0
Iraq,Middle East and Northern Africa,112,4.677,0.052320000000000005,0.98549,0.81889,0.60237,0.0,0.13788,0.17922000000000002,1.95335,,4.75,92.9,4.43,16.0,0.649,-26.9,17.2,19.4,5.35,,83.2,3.35,69.9,
South Africa,Sub-Saharan Africa,113,4.6419999999999995,0.04585,0.9204899999999999,1.18468,0.27688,0.33207,0.08884,0.11972999999999999,1.7195599999999998,25.2,2.08,159.0,2.49,44.0,0.6659999999999999,5.12,51.9,26.1,1.1,,45.6,2.17,64.8,43.4
Ghana,Sub-Saharan Africa,114,4.633,0.04742,0.5455800000000001,0.6795399999999999,0.40131999999999995,0.42341999999999996,0.04355,0.23087,2.30919,6.81,19.1,127.0,4.04,47.0,0.579,16.4,31.4,20.4,0.527,,121.0,3.52,54.1,35.1
Zimbabwe,Sub-Saharan Africa,115,4.61,0.0429,0.271,1.0327600000000001,0.33475,0.25861,0.08079,0.18987,2.44191,,10.1,80.9,3.84,21.0,0.516,0.898,22.7,19.0,2.34,,40.8,1.98,32.4,
Liberia,Sub-Saharan Africa,116,4.5710000000000015,0.11068,0.0712,0.78968,0.34201,0.28531,0.062320000000000014,0.24361999999999998,2.7772900000000003,,34.4,81.2,4.65,37.0,0.4270000000000001,1.04,5.9,18.6,0.728,,46.7,3.3,49.8,
India,Southern Asia,117,4.565,0.02043,0.64499,0.38174,0.5152899999999999,0.39786,0.08492000000000001,0.26475,2.27513,,16.2,76.5,2.35,38.0,0.624,2.07,26.0,26.7,2.41,,440.0,2.37,32.8,
Sudan,Sub-Saharan Africa,118,4.55,0.0674,0.52107,1.01404,0.36878,0.10081,0.1466,0.19062,2.20857,,31.4,72.3,4.6,12.0,0.49,17.9,26.6,18.9,2.36,,21.9,2.99,33.9,
Haiti,Latin America and Caribbean,119,4.518,0.07331,0.26673,0.74302,0.38847,0.24425,0.17175,0.46187,2.24173,,17.1,68.2,2.97,17.0,0.493,6.88,12.2,23.0,0.0008900000000000002,,389.0,3.2,52.4,
Congo (Kinshasa),Sub-Saharan Africa,120,4.5169999999999995,0.0368,0.0,1.0012,0.09806000000000001,0.22605,0.07625,0.24834,2.86712,,,,,,,,,,,,,,,
Nepal,Southern Asia,121,4.513999999999999,0.03607,0.35996999999999996,0.86449,0.5687399999999999,0.38282,0.059070000000000004,0.32295999999999997,1.9563700000000002,,29.4,96.0,2.16,27.0,0.5579999999999999,4.94,17.6,23.2,1.56,,200.0,3.21,18.6,53.6
Ethiopia,Sub-Saharan Africa,122,4.512,0.0378,0.19072999999999998,0.60406,0.44055,0.4345,0.15048,0.24325,2.44876,,36.1,42.4,4.32,33.0,0.448,10.8,13.9,18.6,0.74,,99.9,4.78,19.4,
Sierra Leone,Sub-Saharan Africa,123,4.507,0.07067999999999999,0.33024000000000003,0.9557100000000001,0.0,0.4084,0.08786000000000001,0.21488000000000002,2.51009,,58.7,78.2,4.56,29.0,0.42,18.9,6.34,18.3,0.931,,100.0,3.18,40.8,
Mauritania,Sub-Saharan Africa,124,4.436,0.03947,0.45407,0.86908,0.35874,0.24231999999999998,0.17461,0.21899999999999997,2.11773,,24.5,87.1,4.74,31.0,0.513,-4.87,15.2,19.7,3.77,,4.06,4.62,51.1,
Kenya,Sub-Saharan Africa,125,4.419,0.04734,0.36471,0.99876,0.41435,0.42215,0.05839,0.37542,1.78555,,30.2,79.8,3.92,25.0,0.555,10.0,16.6,19.0,1.33,,83.0,4.32,25.7,
Djibouti,Sub-Saharan Africa,126,4.369,0.08096,0.44025,0.59207,0.36291,0.46074,0.28105,0.18093,2.05125,,1.78,33.9,2.91,34.0,0.473,2.37,11.9,23.7,,,40.0,1.79,77.4,
Armenia,Central and Eastern Europe,127,4.35,0.04763,0.7682100000000001,0.7771100000000001,0.7299,0.19847,0.039,0.07855,1.75873,18.3,17.2,119.0,1.66,35.0,0.743,1.21,59.1,33.9,4.24,1.12,102.0,0.326,63.1,38.3
Botswana,Sub-Saharan Africa,128,4.332,0.049339999999999995,0.99355,1.10464,0.047760000000000004,0.49495,0.12474,0.10461,1.46181,,2.2,157.0,2.77,63.0,0.698,1.86,37.3,24.4,2.66,,3.9,3.03,67.2,
Myanmar,Southeastern Asia,129,4.3069999999999995,0.04351,0.27108000000000004,0.70905,0.4824600000000001,0.44017,0.19034,0.79588,1.41805,0.7659999999999999,26.8,78.2,2.23,22.0,0.556,4.14,21.7,27.7,4.08,,80.2,1.62,29.9,50.8
Georgia,Central and Eastern Europe,130,4.297,0.042210000000000004,0.7419,0.38561999999999996,0.72926,0.40576999999999996,0.38331,0.055470000000000005,1.59541,,7.9,140.0,2.0,52.0,0.769,5.89,47.6,38.0,2.38,1.7,56.9,0.39899999999999997,57.4,
Malawi,Sub-Saharan Africa,131,4.292,0.0613,0.016040000000000002,0.41134,0.22562,0.43054,0.06977,0.33128,2.8079099999999997,,27.5,37.4,4.65,31.0,0.476,20.5,9.3,17.4,0.632,,186.0,4.03,16.3,
Sri Lanka,Southern Asia,132,4.271,0.03751,0.83524,1.01905,0.70806,0.5372600000000001,0.09179,0.40828000000000003,0.67108,4.67,8.18,115.0,2.06,37.0,0.7659999999999999,0.649,30.0,32.3,2.55,,330.0,1.14,18.3,
Cameroon,Sub-Saharan Africa,133,4.252,0.04678,0.4225,0.8876700000000001,0.23401999999999998,0.49309,0.05786,0.20618000000000009,1.95071,,14.8,79.5,4.78,27.0,0.518,0.179,20.7,18.3,1.25,,48.3,3.75,54.6,
Bulgaria,Central and Eastern Europe,134,4.218,0.04828,1.01216,1.10614,0.76649,0.30587,0.00872,0.11921,0.89991,9.14,4.14,128.0,1.55,41.0,0.794,2.21,56.7,43.5,1.32,,66.1,-0.179,74.0,40.2
Egypt,Middle East and Northern Africa,135,4.194,0.0326,0.8818,0.747,0.61712,0.17288,0.06324,0.11291,1.59927,13.1,11.4,100.0,3.31,36.0,0.691,9.93,37.8,24.7,1.55,0.166,94.2,1.99,42.8,46.2
Yemen,Middle East and Northern Africa,136,4.077,0.04367,0.5464899999999999,0.68093,0.40064,0.35570999999999997,0.07854,0.09131,1.92313,,10.3,55.8,4.1,18.0,0.482,27.4,24.1,19.2,,,51.0,4.3,34.8,
Angola,Sub-Saharan Africa,137,4.033,0.047580000000000004,0.75778,0.8604,0.16683,0.10384000000000004,0.07122,0.12344000000000001,1.9493900000000002,,,49.8,5.77,15.0,0.5329999999999999,-3.98,12.4,16.4,3.13,,22.3,4.56,63.4,
Mali,Sub-Saharan Africa,138,3.995,0.05602000000000002,0.26074,1.03526,0.20583,0.38856999999999997,0.12352,0.18798,1.79293,7.73,37.7,130.0,6.15,35.0,0.442,2.79,10.3,16.0,2.36,,14.3,4.94,40.0,42.6
Congo (Brazzaville),Sub-Saharan Africa,139,3.989,0.06682,0.67866,0.6629,0.31051,0.41466000000000003,0.11685999999999999,0.12387999999999999,1.68135,,,,,,,,,,,,,,,
Comoros,Sub-Saharan Africa,140,3.9560000000000004,0.04797,0.23906,0.79273,0.36315,0.22916999999999998,0.19899999999999998,0.17440999999999998,1.95812,,33.6,54.6,4.45,26.0,0.498,3.43,7.46,19.7,,,418.0,2.81,28.5,
Uganda,Sub-Saharan Africa,141,3.931,0.04317,0.21101999999999999,1.13299,0.33860999999999997,0.45726999999999995,0.07267,0.29066,1.42766,,24.0,50.4,5.68,25.0,0.493,5.0,17.8,15.8,1.92,,201.0,5.87,22.1,
Senegal,Sub-Saharan Africa,142,3.904,0.03608,0.36498,0.97619,0.4354,0.36772,0.10712999999999999,0.2084300000000001,1.44395,6.76,14.8,99.9,4.84,44.0,0.494,0.314,21.7,18.3,1.58,,77.8,3.85,45.9,43.2
Gabon,Sub-Saharan Africa,143,3.8960000000000004,0.04547,1.06024,0.90528,0.43372,0.31914000000000003,0.11091,0.06822,0.99895,,4.31,146.0,3.85,34.0,0.6970000000000001,-8.93,45.8,22.6,1.19,,7.49,3.39,88.1,
Niger,Sub-Saharan Africa,144,3.845,0.036019999999999996,0.0694,0.77265,0.29707,0.47691999999999996,0.15639,0.19387000000000001,1.87877,,36.0,45.0,7.29,34.0,0.353,1.02,2.48,14.9,,,15.7,4.01,16.2,
Cambodia,Southeastern Asia,145,3.819,0.05069,0.46038,0.62736,0.61114,0.66246,0.07247,0.40359,0.98195,,26.6,134.0,2.59,21.0,0.563,1.72,22.3,23.9,2.11,,87.9,3.37,22.2,
Tanzania,Sub-Saharan Africa,146,3.781,0.05061,0.2852,1.00268,0.38215,0.32878,0.057470000000000014,0.34376999999999996,1.38079,,29.0,73.6,5.08,30.0,0.531,6.55,10.0,17.3,1.13,,60.8,5.38,31.6,
Madagascar,Sub-Saharan Africa,147,3.681,0.03633,0.20824,0.66801,0.46721,0.19184,0.08123999999999999,0.21333000000000002,1.851,,23.5,44.1,4.24,28.0,0.512,7.55,4.17,18.7,0.605,,41.7,4.58,35.2,
Central African Republic,Sub-Saharan Africa,148,3.678,0.061120000000000015,0.0785,0.0,0.06699,0.48878999999999995,0.08288999999999999,0.23835,2.7223,,40.0,27.3,4.94,24.0,0.35200000000000004,6.16,3.8,17.8,1.59,,7.3,1.47,40.3,
Chad,Sub-Saharan Africa,149,3.667,0.0383,0.34193,0.76062,0.1501,0.23501,0.05269,0.18386,1.9429599999999998,,50.2,39.0,6.05,22.0,0.396,-8.15,3.5,16.1,2.03,,11.1,3.83,22.5,
Guinea,Sub-Saharan Africa,150,3.656,0.0359,0.17417,0.46475,0.24009,0.37725,0.12139000000000001,0.28657,1.9917200000000002,,18.5,89.0,4.93,25.0,0.414,2.98,8.2,18.4,3.31,,49.2,3.27,35.1,
Ivory Coast,Sub-Saharan Africa,151,3.655,0.051410000000000004,0.46534,0.77115,0.15185,0.46866,0.17922000000000002,0.20165,1.41723,,,,,,,,,,,,,,,
Burkina Faso,Sub-Saharan Africa,152,3.5869999999999997,0.04324,0.25811999999999996,0.85188,0.27125,0.39493,0.12832000000000002,0.21746999999999997,1.46494,,30.3,79.8,5.44,38.0,0.402,-3.07,11.4,17.0,1.33,,66.2,5.13,27.5,
Afghanistan,Southern Asia,153,3.575,0.03084,0.31982,0.30285,0.30335,0.23414000000000001,0.09719,0.3651,1.9521,,20.5,58.4,4.8,11.0,0.479,2.43,8.26,17.3,0.993,,51.7,3.82,24.8,
Rwanda,Sub-Saharan Africa,154,3.465,0.03464,0.22208000000000008,0.7737,0.42863999999999997,0.59201,0.55191,0.22628,0.67042,,28.0,75.3,3.97,54.0,0.498,0.28600000000000003,18.0,19.4,0.928,,471.0,2.69,17.0,
Benin,Sub-Saharan Africa,155,3.34,0.03656,0.28665,0.35386,0.3191,0.4845,0.0801,0.1826,1.6332799999999998,,22.5,88.1,5.05,37.0,0.485,0.0757,11.3,18.2,1.07,,93.8,3.94,45.7,
Syria,Middle East and Northern Africa,156,3.0060000000000002,0.05015,0.6632,0.47489,0.7219300000000001,0.15684,0.18905999999999998,0.47179,0.32858000000000004,,,76.4,2.97,18.0,0.536,,30.0,20.2,,,102.0,-1.18,52.2,
Burundi,Sub-Saharan Africa,157,2.905,0.08657999999999999,0.0153,0.41586999999999996,0.22396,0.1185,0.10062,0.19727,1.83302,,37.1,49.0,5.78,21.0,0.404,4.86,4.87,17.6,2.33,,397.0,5.59,12.1,
Togo,Sub-Saharan Africa,158,2.839,0.06727000000000001,0.20868,0.13995,0.28443,0.36453,0.10730999999999999,0.16680999999999999,1.56726,2.2,40.7,65.5,4.52,32.0,0.487,3.51,7.12,18.9,1.75,,136.0,3.87,40.1,
